        "User Id",Course,"Last Name","First Name","Law School","Grad Date","Law School State",Email,"Home Phone","Alternate Phone","Mobile Phone",Percentage,"Start Date","Last Login","Is Repeater","MBE PQs Completed","MBE PQs Correct","Exam Date","Track Name"
108782," 2022-2023 EBP Asynch Workshop Course Demo",Chu,Jonathan,,,,dev.testing@themisbar.com,4153334567,4153334567,4153334567,0,02-03-2022,00-00-0000,No,0,0,,
164360," 2022-2023 EBP Asynch Workshop Course Demo",Rock,Gregg,"St. Thomas Univ. School of Law","May 2016",Florida,dev.testing@themisbar.com,4153334567,4153334567,4153334567,0,02-03-2022,05-31-2023,No,0,0,,
172632," 2022-2023 EBP Asynch Workshop Course Demo",Moran,Katie,"San Francisco - Univ. of","May 2016","California ",dev.testing@themisbar.com,4153334567,4153334567,4153334567,0,02-03-2022,02-13-2023,No,0,0,,
217660," 2022-2023 EBP Asynch Workshop Course Demo",Johnson,Javionte,"Brooklyn Law School","May 2019","New York",dev.testing@themisbar.com,4153334567,4153334567,4153334567,2.7,02-03-2022,10-13-2022,No,0,0,,
278968," 2022-2023 EBP Asynch Workshop Course Demo",Hernandez,JD,"St. Thomas Univ. School of Law","May 2018",Florida,dev.testing@themisbar.com,4153334567,4153334567,4153334567,0,02-03-2022,01-19-2023,No,0,0,,
283620," 2022-2023 EBP Asynch Workshop Course Demo",Tabo,Tamara,"Dayton - Univ. of","May 2023",Ohio,dev.testing@themisbar.com,4153334567,4153334567,4153334567,5.41,02-03-2022,01-25-2023,No,0,0,,
322977," 2022-2023 EBP Asynch Workshop Course Demo",Douglas,Richard,"Other Law School","Jan 1990",Other,dev.testing@themisbar.com,4153334567,4153334567,4153334567,0,02-03-2022,00-00-0000,No,0,0,,
324035," 2022-2023 EBP Asynch Workshop Course Demo",Chu,Jonathan,,,,dev.testing@themisbar.com,4153334567,4153334567,4153334567,0,02-03-2022,00-00-0000,No,0,0,,
330028," 2022-2023 EBP Asynch Workshop Course Demo",Newman,Christopher,"Idaho-Boise - University of","Jun 2029",Idaho,dev.testing@themisbar.com,4153334567,4153334567,4153334567,2.7,02-03-2022,01-27-2023,No,0,0,,
344621," 2022-2023 EBP Asynch Workshop Course Demo",Cornu,Maria,"St. Thomas Univ. School of Law","May 2020",Florida,dev.testing@themisbar.com,4153334567,4153334567,4153334567,0,02-03-2022,00-00-0000,No,0,0,,
355457," 2022-2023 EBP Asynch Workshop Course Demo",Gurson,Ryan,"Thomas M. Cooley Law School - Tampa Bay","May 2022",Florida,dev.testing@themisbar.com,4153334567,4153334567,4153334567,0,02-03-2022,03-10-2022,No,0,0,,
373646," 2022-2023 EBP Asynch Workshop Course Demo",Noto,Nicholas,"Widener Univ. Wilmington","May 2021",Delaware,dev.testing@themisbar.com,4153334567,4153334567,4153334567,0,02-03-2022,03-02-2023,No,0,0,,
400649," 2022-2023 EBP Asynch Workshop Course Demo",Eilertson,Maggie,"Mitchell Hamline School of Law","Jan 2021",Minnesota,dev.testing@themisbar.com,4153334567,4153334567,4153334567,0,02-03-2022,00-00-0000,No,0,0,,
403002," 2022-2023 EBP Asynch Workshop Course Demo",Mulrooney,Garrett,"Mitchell Hamline School of Law","Jan 2021",Minnesota,dev.testing@themisbar.com,4153334567,4153334567,4153334567,0,02-03-2022,02-28-2022,No,0,0,,
403004," 2022-2023 EBP Asynch Workshop Course Demo",Brooks,Laura,"Mitchell Hamline School of Law","Jan 2021",Minnesota,dev.testing@themisbar.com,4153334567,4153334567,4153334567,0,02-03-2022,00-00-0000,No,0,0,,
403017," 2022-2023 EBP Asynch Workshop Course Demo",Milligan,Kari,"Mitchell Hamline School of Law","Jan 2021",Minnesota,dev.testing@themisbar.com,4153334567,4153334567,4153334567,0,02-03-2022,00-00-0000,No,0,0,,
435459," 2022-2023 EBP Asynch Workshop Course Demo",Hua,Johnson,"U.C. Berkeley","Jan 1990","California ",dev.testing@themisbar.com,4153334567,4153334567,4153334567,0,02-03-2022,04-16-2023,No,0,0,,
448061," 2022-2023 EBP Asynch Workshop Course Demo",Hayes,Kevin,"Texas/Austin - Univ.","Jan 2022",Texas,dev.testing@themisbar.com,4153334567,4153334567,4153334567,0,02-03-2022,10-07-2022,No,0,0,,
456071," 2022-2023 EBP Asynch Workshop Course Demo",Heck,Harold,"Mercer University","May 1990",Georgia,dev.testing@themisbar.com,4153334567,4153334567,4153334567,0,02-03-2022,10-27-2022,No,0,0,,
467404," 2022-2023 EBP Asynch Workshop Course Demo",Davenport,Ebony,"Dayton - Univ. of","Jan 2022",Ohio,dev.testing@themisbar.com,4153334567,4153334567,4153334567,0,02-03-2022,00-00-0000,No,0,0,,
468286," 2022-2023 EBP Asynch Workshop Course Demo",Wible,Rob,"Pittsburgh - Univ. of","Jan 2022",Pennsylvania,dev.testing@themisbar.com,4153334567,4153334567,4153334567,0,02-03-2022,04-24-2023,No,0,0,,
468671," 2022-2023 EBP Asynch Workshop Course Demo",Walker,Gigi,"Boston Univ. School of Law","Jan 2022",Massachusetts,dev.testing@themisbar.com,4153334567,4153334567,4153334567,0,02-03-2022,00-00-0000,No,0,0,,
468672," 2022-2023 EBP Asynch Workshop Course Demo",Landenberger,Amelia,"Boston Univ. School of Law","Jan 2022",Massachusetts,dev.testing@themisbar.com,4153334567,4153334567,4153334567,0,02-03-2022,03-28-2023,No,0,0,,
468728," 2022-2023 EBP Asynch Workshop Course Demo",Berfanger,Rebecca,"Indiana Univ. - Indianapolis","May 1990",Indiana,dev.testing@themisbar.com,4153334567,4153334567,4153334567,0,02-03-2022,01-19-2023,No,0,0,,
471756," 2022-2023 EBP Asynch Workshop Course Demo",Cetnar,Ashley,"Idaho-Boise - University of","Jan 2023",Idaho,dev.testing@themisbar.com,4153334567,4153334567,4153334567,0,02-03-2022,04-27-2023,No,0,0,,
472938," 2022-2023 EBP Asynch Workshop Course Demo",DeSantis,Nicholas,"Cleveland State Univ.","Jan 2022",Ohio,dev.testing@themisbar.com,4153334567,4153334567,4153334567,0,02-03-2022,00-00-0000,No,0,0,,
480854," 2022-2023 EBP Asynch Workshop Course Demo",Page,Laura,"Tulane University","Jan 2023",Louisiana,dev.testing@themisbar.com,4153334567,4153334567,4153334567,0,02-03-2022,00-00-0000,No,0,0,,
482385," 2022-2023 EBP Asynch Workshop Course Demo",Hernandez,JD,"St. Thomas Univ. School of Law","May 2023",Florida,dev.testing@themisbar.com,4153334567,4153334567,4153334567,0,02-03-2022,00-00-0000,No,0,0,,
